{"val/loss":2.0980041437305714,"_runtime":148,"train/elapsed_time":84.60933756828308,"val/elapsed_time":21.183414697647095,"train/loss":9.73712158203125,"_step":3,"_timestamp":1.7562903940883224e+09,"val/step":1,"train/step":3,"_wandb":{"runtime":148}}